procedurecode,procedure name,,band_d,band_c,band_b,band_a,band_special
DRG2641,PARACETAMOL 500MG,4.5,5.85,7.7805,11.126115,17.02295595,46.81312886
DRG2813,AMOXICILLIN 500MG ,48,50,66.5,95.095,145.49535,400.1122125
DRG1106,AMLODIPINE 10MG ,11,14.3,19.019,27.19717,41.6116701,114.4320928
DRG1084,ARTHEMETER  LUMEFRANTINE 20/120 ,66,50,66.5,95.095,145.49535,400.1122125
DRG1081,ARTHEMETER  LUMEFRANTINE 80/480 ,83,107.9,143.507,205.21501,313.9789653,863.4421546
DRG3188,VITAMIN C 100MG,3,3.9,5.187,7.41741,11.3486373,31.20875258
DRG2278,LORATIDINE 10MG TAB ,16,20.8,27.664,39.55952,60.5260656,166.4466804
DRG0358,CIPROFLOXACIN 500MG,40,52,69.16,98.8988,151.315164,416.116701
DRG2370,METRONIDAZOLE 400MG TAB,18,20,26.6,38.038,58.19814,160.044885
DRG2357,OMEPRAZOLE 20MG TAB ,25,32.5,43.225,61.81175,94.5719775,260.0729381
DRG1224,ASPIRIN 75MG ,7,9.1,12.103,17.30729,26.4801537,72.82042268
DRG2250,LISINOPRIL 10MG TAB,18,23.4,31.122,44.50446,68.0918238,187.2525155
DRG2132,IBUPROFEN 400MG ,25,15,19.95,28.5285,43.648605,120.0336638
DRG1711,METFORMIN 500MG ,18,23.4,31.122,44.50446,68.0918238,187.2525155
DRG2368,METRONIDAZOLE 200MG TAB,8,10.4,13.832,19.77976,30.2630328,83.2233402
DRG2463,VITAMIN B-CO TAB,2,2.6,3.458,4.94494,7.5657582,20.80583505
DRG2216,ARTHEMETER 80MG INJECTION,83,107.9,143.507,205.21501,313.9789653,863.4421546
DRG1723,DICLOFENAC SODIUM 50MG,4,5.2,6.916,9.88988,15.1315164,41.6116701
DRG1063,METHYLDOPA 250MG ,70,50,66.5,95.095,145.49535,400.1122125
DRG1129,AMOXICILLIN CLAVULANIC ACID 625MG TAB,171,180,239.4,342.342,523.78326,1440.403965
DRG2886,ERYTHROMYCIN 500MG ,100,70,93.1,133.133,203.69349,560.1570975
DRG2700,CLOPIDOGREL 75MG ,53,67.67,90.0011,128.701573,196.9134067,541.5118684
DRG2642,PARACETAMOL INJ 150MG/ML,50,65,86.45,123.6235,189.143955,520.1458763
DRG2498,NIFEDIPINE 20MG TAB,7,9.1,12.103,17.30729,26.4801537,72.82042268
DRG1142,AMOXICILLIN 250MG CAP ,35,30,39.9,57.057,87.29721,240.0673275
DRG2693,CHLOPHENAMINE 4MG ,16,20.8,27.664,39.55952,60.5260656,166.4466804
DRG2284,LOSARTAN 50MG,32,41.6,55.328,79.11904,121.0521312,332.8933608
DRG1110,AMLODIPINE 5MG ,10,13,17.29,24.7247,37.828791,104.0291753
DRG2117,AMILORIDE HYDROCHLORIDE 5MG AND HYDROCHLOROTHIAZIDE 50MG,18,23.4,31.122,44.50446,68.0918238,187.2525155
DRG2131,IBUPROFEN 200MG TAB,8.5,10,13.3,19.019,29.09907,80.0224425
DRG2517,ORPHENADRINE 100MG ,130,39.46,52.4818,75.048974,114.8249302,315.7685581
DRG1930,FERROUS SULPHATE 200MG TAB,1.8,2.34,3.1122,4.450446,6.80918238,18.72525155
DRG2116,HYDROCHLOROTHIAZIDE 25MG,15,19.5,25.935,37.08705,56.7431865,156.0437629
DRG1759,DOXYCYCLINE 100MG CAP,26,30,39.9,57.057,87.29721,240.0673275
DRG4208,COUGH SYRUP,300,390,518.7,741.741,1134.86373,3120.875258
DRG1148,AMPICILLIN CLOXACILLIN 500MG  ,52,30,39.9,57.057,87.29721,240.0673275
DRG4670,PARACETAMOL 300MG INJ,50,65,86.45,123.6235,189.143955,520.1458763
DRG1722,DICLOFENAC SODIUM 100MG TAB,15,19.5,25.935,37.08705,56.7431865,156.0437629
DRG1163,ANTACID SUSPENSION,750,546,726.18,1038.4374,1588.809222,4369.225361
DRG2042,METFORMIN 1000MG ,140,104,138.32,197.7976,302.630328,832.233402
DRG1478,CEFUROXIME 500MG TAB ,240,170,226.1,323.323,494.68419,1360.381523
DRG1793,HYOSCINE BUTYL BROMIDE 10MG,25,30,39.9,57.057,87.29721,240.0673275
DRG1246,ATORVASTATIN 10MG ,71,58,77.14,110.3102,168.774606,464.1301665
DRG1673,GLIBENCLAMIDE 5MG ,13,16.9,22.477,32.14211,49.1774283,135.2379278
DRG1160,PARACETAMOL 450MG/ ORPHENADRINE 35MG  ,130,70,93.1,133.133,203.69349,560.1570975
DRG1211,DICLOFENAC 75MG and MISOPROSTOL 200MCG ,90,100,133,190.19,290.9907,800.224425
DRG1527,CHLORPHENIRAMINE 4MG TAB,16,10,13.3,19.019,29.09907,80.0224425
DRG1967,FOLIC ACID 5MG,3,3.9,5.187,7.41741,11.3486373,31.20875258
DRG2371,Metronidazole infusion,300,390,518.7,741.741,1134.86373,3120.875258
DRG1199,ARTESUNATE 50MG TAB,120,90,119.7,171.171,261.89163,720.2019825
DRG2914,CO-TRIMOXAZOLE 960MG TAB ,36,40,53.2,76.076,116.39628,320.08977
DRG1838,PARACETAMOL 1G,41,34.67,46.1111,65.938873,100.8864757,277.4378082
DRG1597,ATORVASTATIN 20MG ,89,65,86.45,123.6235,189.143955,520.1458763
DRG2254,LISINOPRIL 5MG TAB,16,20.8,27.664,39.55952,60.5260656,166.4466804
DRG1477,CEFTRIAZONE INJ 1G ,600,780,1037.4,1483.482,2269.72746,6241.750515
DRG2056,ZINC 50MG ,10,13,17.29,24.7247,37.828791,104.0291753
DRG2228,LEVOFLOXACIN 500MG TAB,75,97.5,129.675,185.43525,283.7159325,780.2188144
DRG1718,DIAZEPAM 5MG TAB,11,14.3,19.019,27.19717,41.6116701,114.4320928
DRG1200,ARTESUNATE 60MG INJ.,700,660,877.8,1255.254,1920.53862,5281.481205
DRG1337,DICLOFENAC 50MG ,4,5.2,6.916,9.88988,15.1315164,41.6116701
DRG3032,TELMISARTAN 80MG TABS ,89,115.7,153.881,220.04983,336.6762399,925.8596597
DRG2009,GENTAMYCIN 80MG INJ,50,60,79.8,114.114,174.59442,480.134655
DRG7022,"Prednisolone, 5mg/5mL",300,390,518.7,741.741,1134.86373,3120.875258
DRG1721,DICLOFENAC SODIUM 75MG INJ,60,78,103.74,148.3482,226.972746,624.1750515
DRG1559,CLARITHROMYCIN 500MG CAP,250,250,332.5,475.475,727.47675,2000.561063
DRG1693,LOZENGES,200,28,37.24,53.2532,81.477396,224.062839
DRG1485,CELECOXIB 200MG CAPS,126,110,146.3,209.209,320.08977,880.2468675
DRG3182,VITAMIN B COMPLEX ,2,2.6,3.458,4.94494,7.5657582,20.80583505
DRG1593,CODEINE AND PARACETAMOL 8/500MG,148,100,133,190.19,290.9907,800.224425
DRG1534,CHYMORAL TAB,16,20.8,27.664,39.55952,60.5260656,166.4466804
DRG1280,ZINC 10MG TAB,10,13,17.29,24.7247,37.828791,104.0291753
DRG2791,QUININE TAB 300MG,75,30,39.9,57.057,87.29721,240.0673275
DRG2437,INDAPAMIDE 1.5MG ,150,114.4,152.152,217.57736,332.8933608,915.4567422
DRG2643,PARACETAMOL  250MG SYRUP,280,200,266,380.38,581.9814,1600.44885
DRG1250,AMOXICILLIN CLAVULANIC ACID 1G TAB,250,200,266,380.38,581.9814,1600.44885
DRG4282,ERYTHROMYCIN 250MG TAB,90,68,90.44,129.3292,197.873676,544.152609
DRG4623,NIFEDIPINE 30MG TAB,183,50,66.5,95.095,145.49535,400.1122125
DRG2024,GLIMEPIRIDE 4MG ,150,195,259.35,370.8705,567.431865,1560.437629
DRG2311,PREGABALIN 75MG CAPS ,89,115.7,153.881,220.04983,336.6762399,925.8596597
DRG2447,VITAMIN C 1000MG,2.5,3.25,4.3225,6.181175,9.45719775,26.00729381
DRG2896,SALBUTAMOL TAB 4MG,4.5,5.85,7.7805,11.126115,17.02295595,46.81312886
DRG2939,TIZANIDINE 2MG ,216,80,106.4,152.152,232.79256,640.17954
DRG3190,VITAMIN C 500MG,80,90,119.7,171.171,261.89163,720.2019825
DRG2508,NITROFURANTOIN 100MG TAB,19,15,19.95,28.5285,43.648605,120.0336638
DRG1480,CEFUROXIME 250MG TAB,190,100,133,190.19,290.9907,800.224425
DRG1278,AZITHROMYCIN 500MG CAP ,230,299,397.67,568.6681,870.062193,2392.671031
DRG4906,VALSARTAN 160MG,300,141,187.53,268.1679,410.296887,1128.316439
DRG4287,ESOMEPRAZOLE 20MG CAPS,64,57,75.81,108.4083,165.864699,456.1279223
DRG1730,FLUCONAZOLE 50MG ,550,180,239.4,342.342,523.78326,1440.403965
DRG2283,LOSARTAN 25MG TAB,28,36.4,48.412,69.22916,105.9206148,291.2816907
DRG1078,GLIMEPIRIDE 2MG TAB ,133,129,171.57,245.3451,375.378003,1032.289508
DRG1243,ATENOLOL 50MG TAB,32,25,33.25,47.5475,72.747675,200.0561063
DRG2789,QUININE INJ. 600MG,450,200,266,380.38,581.9814,1600.44885
DRG1004,5% DEXTROSE INFUSION ,550,500,665,950.95,1454.9535,4001.122125
DRG1365,BISOPROLOL 2.5MG ,60,73,97.09,138.8387,212.423211,584.1638303
DRG1366,BISOPROLOL 5MG ,67,36,47.88,68.4684,104.756652,288.080793
DRG1910,SULFADOXINE AND PYRIMETHAMINE ,98,120,159.6,228.228,349.18884,960.26931
DRG2166,AMOXICILLIN 125MG/5ML SUSPENSION ,480,550,731.5,1046.045,1600.44885,4401.234338
DRG4925,VIDAGLIPTIN/METFORMIN 50/1000MG TAB,383,244.45,325.1185,464.919455,711.3267662,1956.148607
DRG1422,CALCIUM LACTATE 300MG TAB,4.5,5.85,7.7805,11.126115,17.02295595,46.81312886
DRG4518,LOPERAMIDE HYDROCHLORIDE 4MG ,16,20.8,27.664,39.55952,60.5260656,166.4466804
DRG2372,TELMISARTAN 40MG ,89,115.7,153.881,220.04983,336.6762399,925.8596597
DRG1391,BROMAZEPAM 3MG ,60,40,53.2,76.076,116.39628,320.08977
DRG1444,CLOTRIMAZOLE PESSARY,250,325,432.25,618.1175,945.719775,2600.729381
DRG2522,NORMAL SALINE ,550,640,851.2,1217.216,1862.34048,5121.43632
DRG1526,CHLOPHENAMINE 2MG SYRUP ,300,390,518.7,741.741,1134.86373,3120.875258
DRG2940,TIZANIDINE 4MG,216,170,226.1,323.323,494.68419,1360.381523
DRG1829,ORAL REHYDRATION SALTS,133,123.5,164.255,234.88465,359.3735145,988.2771649
DRG1098,AMITRIPTYLINE 25MG ,14,18.2,24.206,34.61458,52.9603074,145.6408454
DRG3282,ALBENDAZOLE 400MG TAB ,125,100,133,190.19,290.9907,800.224425
DRG1720,DICLOFENAC GEL,800,494,657.02,939.5386,1437.494058,3953.10866
DRG4907,VALSARTAN 80MG,283,126,167.58,239.6394,366.648282,1008.282776
DRG2751,PROGUANIL 100MG TAB,25,32.5,43.225,61.81175,94.5719775,260.0729381
DRG3184,VITAMIN B-CO INJECTION,220,90,119.7,171.171,261.89163,720.2019825
DRG1547,CIPROFLOXACIN 200MG INFUSION,360,468,622.44,890.0892,1361.836476,3745.050309
DRG1009,DICLOFENAC 100MG TAB,15,19.5,25.935,37.08705,56.7431865,156.0437629
DRG1127,AMOXICILLIN CLAVULANIC ACID 375MG TABLET ,150,120,159.6,228.228,349.18884,960.26931
DRG4414,IBUPROFEN 100MG 5ML SUSP,300,311,413.63,591.4909,904.981077,2488.697962
DRG2189,KETOCONAZOLE 200MG TAB,45,58.5,77.805,111.26115,170.2295595,468.1312886
DRG1542,CIMETIDINE TAB 400MG,60,30,39.9,57.057,87.29721,240.0673275
DRG2707,ATENOLOL 100MG ,50,30,39.9,57.057,87.29721,240.0673275
DRG2795,RAMIPRIL 5MG ,89,112.64,149.8112,214.230016,327.7719245,901.3727924
DRG2580,OMEPRAZOLE 20MG INJECTION ,550,715,950.95,1359.8585,2080.583505,5721.604639
DRG1198,ARTESUNATE 120MG INJ.,"1,300.00",1100,1463,2092.09,3200.8977,8802.468675
DRG1645,ROSUVASTATIN 20MG ,285,150,199.5,285.285,436.48605,1200.336638
DRG2753,PROMETHAZINE INJ 25MG,50,65,86.45,123.6235,189.143955,520.1458763
DRG3019,TAMSULOSIN HYDROCHLORIDE 0.4MG CAP,135,160,212.8,304.304,465.58512,1280.35908
DRG3078,TRANEXAMIC ACID 500MG TAB,170,120,159.6,228.228,349.18884,960.26931
DRG1032,PSEUDOEPHEDRINE HYDROCHLORIDE 60MG/ TRIPROLIDINE HYDROCHLORIDE 2.5MG ,30,39,51.87,74.1741,113.486373,312.0875258
DRG1003,4.3 DEXTROSE 4NORMAL SALINE 0.18,550,500,665,950.95,1454.9535,4001.122125
DRG1776,ARTEETHER 150MG INJECTION ,666,628.33,835.6789,1195.020827,1828.381865,5028.050129
DRG2330,METOCHLOPRAMIDE 10MG TAB,80,20,26.6,38.038,58.19814,160.044885
DRG3159,SALBUTAMOL 2MG TAB,4,5.2,6.916,9.88988,15.1315164,41.6116701
DRG2552,CEFIXIME 200MG ,220,250,332.5,475.475,727.47675,2000.561063
DRG2708,PROPANOLOL 40MG ,78,32.5,43.225,61.81175,94.5719775,260.0729381
DRG2202,LABETALOL 200MG ,196,182,242.06,346.1458,529.603074,1456.408454
DRG1716,LOPERAMIDE HYDROCHLORIDE 2MG ,18,23.4,31.122,44.50446,68.0918238,187.2525155
DRG2289,LOSARTAN 100MG,71,58,77.14,110.3102,168.774606,464.1301665
DRG1146,AMPICILLIN CAPS 500MG ,45,18.46,24.5518,35.109074,53.71688322,147.7214289
DRG1644,ROSUVASTATIN 10MG ,250,180,239.4,342.342,523.78326,1440.403965
DRG1664,DAFLON 500MG ,600,138.67,184.4311,263.736473,403.5168037,1109.67121
DRG1390,BROMAZEPAM 1.5MG ,53,40,53.2,76.076,116.39628,320.08977
DRG2277,LORATIDINE SYRUP,850,750,997.5,1426.425,2182.43025,6001.683188
DRG1062,SPIRONOLACTONE 25MG ,36,46.8,62.244,89.00892,136.1836476,374.5050309
DRG1958,FLUCONAZOLE 200MG ,75,97.5,129.675,185.43525,283.7159325,780.2188144
DRG1821,MULTIVITE TAB,3.5,4.55,6.0515,8.653645,13.24007685,36.41021134
DRG2519,ORPHENADRINE + PARACETAMOL ,130,45.5,60.515,86.53645,132.4007685,364.1021134
DRG1818,VITAMIN C 100MG/5MLS SYRUP,300,200,266,380.38,581.9814,1600.44885
DRG1988,FUROSEMIDE 40MG ,25,32.5,43.225,61.81175,94.5719775,260.0729381
DRG1093,AMILORIDE 5MG TAB,16,20.8,27.664,39.55952,60.5260656,166.4466804
DRG1962,FLUCONAZOLE 150mg,70,91,121.03,173.0729,264.801537,728.2042268
DRG1773,DYDROGESTRONE 10MG,450,180,239.4,342.342,523.78326,1440.403965
DRG1540,CIMETIDINE 200 mg,55,71.5,95.095,135.98585,208.0583505,572.1604639
DRG1703,4.3 DEXTROSE SALINE ,530,494,657.02,939.5386,1437.494058,3953.10866
DRG2369,METRONIDAZOLE 200MG/5MLS SYRUP,360,330,438.9,627.627,960.26931,2640.740603
DRG2334,IVERMECTIN 3MG TAB,18,23.4,31.122,44.50446,68.0918238,187.2525155
DRG4064,AMLODIPINE VALSARTAN 10/160MG TAB,300,314.8,418.684,598.71812,916.0387236,2519.10649
DRG2849,TRAMADOL 50MG ,160,91,121.03,173.0729,264.801537,728.2042268
DRG2252,LISINOPRIL 20MG ,100,60.36,80.2788,114.798684,175.6419865,483.0154629
DRG1020,RABEPRAZOLE 20MG ,82,93.68,124.5944,178.169992,272.6000878,749.6502415
DRG1918,PIROXICAM 20MG ,16,20,26.6,38.038,58.19814,160.044885
DRG2433,NAPROXEN 500MG ,250,66,87.78,125.5254,192.053862,528.1481205
DRG2484,NEUROVITE,150,35.14,46.7362,66.832766,102.254132,281.198863
DRG1443,CLOTRIMAZOLE CREAM 100MG,450,411,546.63,781.6809,1195.971777,3288.922387
DRG4762,METHOCARBAMOL 500MG TABS ,90,68,90.44,129.3292,197.873676,544.152609
DRG1000,10% DEXTROSE,550,575,764.75,1093.5925,1673.196525,4601.290444
DRG1141,AMOXYCILLIN INJ. 500MG,400,200,266,380.38,581.9814,1600.44885
DRG1245,ATORVASTATIN 40MG ,142,52,69.16,98.8988,151.315164,416.116701
DRG1880,ERYTHROMYCIN 125MG/5ML SUSP,650,845,1123.85,1607.1055,2458.871415,6761.896391
DRG2119,HYDROCORTISONE 100MG INJ,400,280,372.4,532.532,814.77396,2240.62839
DRG4671,PARACETAMOL 300MG SUPPOSITORY,500,200,266,380.38,581.9814,1600.44885
DRG2964,PROCHLORPERAZINE MESYLATE INJECTION ,40,40,53.2,76.076,116.39628,320.08977
DRG1228,ASTYFER CAP,150,80,106.4,152.152,232.79256,640.17954
DRG4232,DEXAMETHASONE 1MG TAB,10,13,17.29,24.7247,37.828791,104.0291753
DRG2203,LABETALOL 100MG,196,156,207.48,296.6964,453.945492,1248.350103
DRG2035,OFLOXACIN 400MG TAB ,45,58.5,77.805,111.26115,170.2295595,468.1312886
DRG1997,VIDAGLIPTIN 50MG ,214,213,283.29,405.1047,619.810191,1704.478025
DRG1434,AMODIAQUINE 200MG ,25,32.5,43.225,61.81175,94.5719775,260.0729381
DRG1511,CETIRIZINE 10MG ,10,13,17.29,24.7247,37.828791,104.0291753
DRG1931,FESULF TABLET X100 TIN,2,2.6,3.458,4.94494,7.5657582,20.80583505
DRG1712,GLICLAZIDE 60MG ,166,158,210.14,300.5002,459.765306,1264.354592
DRG2191,KETOCONAZOLE CREAM ,400,520,691.6,988.988,1513.15164,4161.16701
DRG2366,METOCHLOPRAMIDE  HYDROCHLORIDE 10MG INJECTION ,50,65,86.45,123.6235,189.143955,520.1458763
DRG1256,AMOXCILLIN CLAVULANIC 228MG/5ML SUSPENSION ,"1,600.00",1600,2128,3043.04,4655.8512,12803.5908
DRG1725,DICLOFENAC SODIUM GEL,700,430,571.9,817.817,1251.26001,3440.965028
DRG1701,DEXAMETHAZONE 4MG INJ,45,58.5,77.805,111.26115,170.2295595,468.1312886
DRG1832,CHLORPHENIRAMINE SYRUP ,300,390,518.7,741.741,1134.86373,3120.875258
DRG1436,CAMOSUNATE ADULT,"1,900.00",81.25,108.0625,154.529375,236.4299438,650.1823455
DRG3169,ACICLOVIR 200MG TAB ,125,120,159.6,228.228,349.18884,960.26931
DRG2553,CEFIXIME 400MG ,240,215,285.95,408.9085,625.630005,1720.482514
DRG2658,PENTAZOCINE INJ 30MG,700,200,266,380.38,581.9814,1600.44885
DRG1405,HYOSCINE BUTYL-BROMIDE 20MG INJECTION ,90,50,66.5,95.095,145.49535,400.1122125
DRG4908,VALSARTAN HCTZ 160/12.5MG TAB,"1,028.00",141.03,187.5699,268.224957,410.3841842,1128.556507
DRG2195,CLOTRIMAZOLE/METRONIDAZOLE/LACTOBACILLUS SPORES ,583,270.83,360.2039,515.091577,788.0901128,2167.24781
DRG1512,BLOOD TONIC CAPSULES,80,50,66.5,95.095,145.49535,400.1122125
DRG2930,SIMVASTATIN 20MG,100,37.14,49.3962,70.636566,108.073946,297.2033515
DRG1025,ACICLOVIR TAB 400MG,142,170,226.1,323.323,494.68419,1360.381523
DRG1979,GRISEOFULVIN 125MG TAB,60,50,66.5,95.095,145.49535,400.1122125
DRG1249,AMOXICILLIN CLAVULANIC ACID 1.2MG INJECTION ,"2,200.00",1500,1995,2852.85,4364.8605,12003.36638
DRG2859,RINGER'S LACTATE,550,500,665,950.95,1454.9535,4001.122125
MED0443,Pregesic,80,80,106.4,152.152,232.79256,640.17954
DRG1900,AMLODIPINE VALSARTAN HCT 10/160/12.5MG TAB ,"1,107.00",364,484.12,692.2916,1059.206148,2912.816907
DRG1980,GRISEOFULVIN 500MG ,80,25,33.25,47.5475,72.747675,200.0561063
DRG1002,DEXTROSE SALINE 4.3 ,530,494,657.02,939.5386,1437.494058,3953.10866
DRG1528,CHLORPHENIRAMINE INJ 4MG,120,156,207.48,296.6964,453.945492,1248.350103
DRG4399,HYDROCHLORTHIAZIDE 50MG,15,19.5,25.935,37.08705,56.7431865,156.0437629
DRG1771,TAMSULOSIN HYDROCHLORIDE/FINASTERIDE 0.4/0.5MG ,216,258,343.14,490.6902,750.756006,2064.579017
DRG4836,TELMISARTAN HCT 40/12.5MG TABLET,193,115,152.95,218.7185,334.639305,920.2580888
DRG4151,CEFUROXIME 750MG INJ,800,1040,1383.2,1977.976,3026.30328,8322.33402
DRG4247,DICLOFENAC 100MG SUPPOSITORIES,450,135,179.55,256.7565,392.837445,1080.302974
DRG3043,TETANUS TOXOID INJ 0.5MG,300,100,133,190.19,290.9907,800.224425
DRG1463,CARVEDILOL 6.25MG TAB,32,41.6,55.328,79.11904,121.0521312,332.8933608
DRG2793,RAMIPRIL 10MG ,89,60.36,80.2788,114.798684,175.6419865,483.0154629
DRG1144,AMOXICILLIN 500MG INJECTION ,400,400,532,760.76,1163.9628,3200.8977
DRG1067,ALLOPURINOL 100MG TAB,89,40,53.2,76.076,116.39628,320.08977
DRG1482,CEFUROXIME 125MG SUSPENSION ,"2,300.00",1488.5,1979.705,2830.97815,4331.39657,11911.34057
DRG1746,"VIT B1, B6, B12/ DICLOFENAC 50MG  (DOLOMETA)",50,26.32,35.0056,50.058008,76.58875224,210.6190687
DRG1222,ASPIRIN 300MG,6,7.8,10.374,14.83482,22.6972746,62.41750515
DRG1455,CARBIMAZOLE 5MG,91,53.85,71.6205,102.417315,156.698492,430.920853
DRG2197,POTASSIUM CHLORIDE INJ,700,50,66.5,95.095,145.49535,400.1122125
DRG1819,EMVIT-C TAB X 100,8,10.4,13.832,19.77976,30.2630328,83.2233402
DRG1454,CARBAMAZEPINE 200MG TAB,280,97.1,129.143,184.67449,282.5519697,777.0179167
DRG3185,VITAMIN B-CO SYRUP,300,200,266,380.38,581.9814,1600.44885
DRG1413,CALAMINE LOTION ,700,340,452.2,646.646,989.36838,2720.763045
DRG1010,GABAPENTIN 300MG ,110,73,97.09,138.8387,212.423211,584.1638303
DRG4544,MELOXICAM 15MG ,160,74,98.42,140.7406,215.333118,592.1660745
DRG1708,HYDROCORTISONE CREAM,750,350,465.5,665.665,1018.46745,2800.785488
DRG4977,LEVOCETIRIZINE 5MG ,32,41.6,55.328,79.11904,121.0521312,332.8933608
DRG3044,TETRACYCLINE CAP 250MG,45,15,19.95,28.5285,43.648605,120.0336638
DRG1284,TRIPLE ACTION CREAM,480,533,708.89,1013.7127,1550.980431,4265.196185
DRG2907,SECNIDAZOLE 500MG TABS,225,120,159.6,228.228,349.18884,960.26931
DRG2480,NEUROGESIC CREAM ,"2,500.00",773.5,1028.755,1471.11965,2250.813065,6189.735929
DRG1230,ASTYMIN CAP,225,80,106.4,152.152,232.79256,640.17954
MED0200,METFORMIN 1000MG GLIMEPIRIDE 1MG,150,180,239.4,342.342,523.78326,1440.403965
DRG4239,DIHYDROCODEINE TAB 30MG,500,150,199.5,285.285,436.48605,1200.336638
DRG2259,LIVOLIN FORTE,316,87.75,116.7075,166.891725,255.3443393,702.1969331
MED0087,HYOSCINE BUTYL BROMIDE 10MG INJECTION,90,75,99.75,142.6425,218.243025,600.1683188
DRG1573,CLINDAMYCIN 300MG CAP,150,195,259.35,370.8705,567.431865,1560.437629
DRG2872,TINIDAZOLE 500MG ,190,123,163.59,233.9337,357.918561,984.2760428
MED0064,AMPICILLIN CLOXACILLIN 250MG/5ML SUSPENSION,480,600,798,1141.14,1745.9442,4801.34655
DRG3082,SITAGLIPTIN 100MG ,390,180,239.4,342.342,523.78326,1440.403965
DRG1453,CARBAMAZEPINE 400MG TAB ,500,200,266,380.38,581.9814,1600.44885
DRG3281,ALBENDAZOLE 200MG TAB ,125,80,106.4,152.152,232.79256,640.17954
DRG1364,BISOPROLOL 10MG ,71,92.3,122.759,175.54537,268.5844161,738.6071443
DRG4147,CEFTAZIDIME 1G INJ,"3,000.00",2210,2939.3,4203.199,6430.89447,17684.95979
DRG2012,GENTAMYCIN EAR/EYE DROP,300,350,465.5,665.665,1018.46745,2800.785488
DRG1456,CARBIROD TAB 500MGX100,150,185,246.05,351.8515,538.332795,1480.415186
DRG1630,CO-TRIMOXAZOLE SYRUP,360,300,399,570.57,872.9721,2400.673275
DRG1068,ALLOPURINOL 300MG TAB,100,60,79.8,114.114,174.59442,480.134655
DRG2301,LOSARTAN/HYDROCHLOROTHIAZIDE 50MG/12.5MG ,171,121.5,161.595,231.08085,353.5537005,972.2726764
DRG1717,DIAZEPAM 10MG INJ,300,180,239.4,342.342,523.78326,1440.403965
DRG1133,AMOXICILLIN CLAVULANIC ACID 457MG SUSPENSION ,"3,800.00",2000,2660,3803.8,5819.814,16004.4885
DRG1371,BONDOMET,65,29.18,38.8094,55.497442,84.91108626,233.5054872
DRG2903,CANDERSARTAN 16MG ,214,200,266,380.38,581.9814,1600.44885
DRG1706,CHLORAMPHENICCOL EYE DROP ,300,250,332.5,475.475,727.47675,2000.561063
DRG1441,CANDESARTAN 8MG,242,150,199.5,285.285,436.48605,1200.336638
DRG1648,CRYSTALLINE PENICILLIN 1MU,200,190,252.7,361.361,552.88233,1520.426408
DRG1546,CIPROFLOXACIN EYE DROPS,800,600,798,1141.14,1745.9442,4801.34655
INP0030,Latex gloves(Full pack),45,58.5,77.805,111.26115,170.2295595,468.1312886
DRG1460,CARVEDILOL 12.5MG TAB,32,41.6,55.328,79.11904,121.0521312,332.8933608
DRG2945,POTASSIUM CHLORIDE 600MG TAB ,41,53.3,70.889,101.37127,155.0980431,426.5196185
DRG2187,Keppra 500mg X6,390,398.9,530.537,758.66791,1160.761902,3192.095231
DRG1607,COGNITOL 5MG X30tab,166,71.43,95.0019,135.852717,207.854657,571.6003068
DRG2537,INSULIN PEN NEEDLES ,185,106,140.98,201.6014,308.450142,848.2378905
DRG1361,BISACODYL 5MG TAB,14,18.2,24.206,34.61458,52.9603074,145.6408454
DRG2754,PROMETHAZINE SYRUP,400,200,266,380.38,581.9814,1600.44885
DRG2469,Nebilong 5mg x 30,216,203.3,270.389,386.65627,591.5840931,1626.856256
DRG1182,ARTIFICIAL TEARS,"9,500.00",2000,2660,3803.8,5819.814,16004.4885
DRG1172,TRYPSIN + CHYMOTRYPSIN ,23,29.9,39.767,56.86681,87.0062193,239.2671031
DRG2150,ISOSORBIDE DINITRATE 5MG TABS,283,40,53.2,76.076,116.39628,320.08977
DRG2646,Parlodel 2.5mg bromokritin,316,410.8,546.364,781.30052,1195.389796,3287.321939
DRG2038,GIVING SET,170,100,133,190.19,290.9907,800.224425
MED0019,ATENOLOL 25MG ,28,36.4,48.412,69.22916,105.9206148,291.2816907
DRG2777,Puritan's pride Vitamin B-6 100mg,200,91.4,121.562,173.83366,265.9654998,731.4051245
DRG1562,ARTHEMETER 180MG/LUMEFANTRINE 1080MG ORAL SUSPENSION ,"1,100.00",591.5,786.695,1124.97385,1721.209991,4733.327475
DRG4648,ORAL CONTRACEPTIVE,"1,700.00",135,179.55,256.7565,392.837445,1080.302974
DRG1462,CARVEDILOL 3.125MG,32,41.6,55.328,79.11904,121.0521312,332.8933608
DRG2929,SIMVASTATIN 10MG,92,50.86,67.6438,96.730634,147.99787,406.9941425
PCD788,BLOOD TRANSFUSION RH +VE BLOOD WITH SET,32,41.6,55.328,79.11904,121.0521312,332.8933608
DRG1661,MISOPRISTOL 200MCG TABLET ,175,227.5,302.575,432.68225,662.0038425,1820.510567
MED0521,prednisolone 20mg,7,9.1,12.103,17.30729,26.4801537,72.82042268
DRG2122,HYDROXY UREA 500MG,"3,200.00",143.65,191.0545,273.207935,418.0081406,1149.522387
DRG1372,BONDURETIC (SACHET),18,9.23,12.2759,17.554537,26.85844161,73.86071443
DRG1282,BACLOFEN 10MGX84 TAB,148,70,93.1,133.133,203.69349,560.1570975
DRG2804,RANITIDINE 150MG TAB,75,50,66.5,95.095,145.49535,400.1122125
DRG4196,CLOTRIMAZOLE VAGINAL CREAM,700,878,1167.74,1669.8682,2554.898346,7025.970452
DRG1283,MUPIROCIN CREAM,"2,500.00",2800,3724,5325.32,8147.7396,22406.2839
DRG1987,FUROSEMIDE 20MG ,18,15,19.95,28.5285,43.648605,120.0336638
DRG1977,FRUSEMIDE 20MG INJ,50,65,86.45,123.6235,189.143955,520.1458763
DRG3087,SITAGLIPTIN/METFORMIN 50MG/1000MG TAB ,354,171,227.43,325.2249,497.594097,1368.383767
DRG2479,NEUROBION TAB,35,45.5,60.515,86.53645,132.4007685,364.1021134
DRG1631,COTRIMOXAZOLE 480MG  TAB,19,24.7,32.851,46.97693,71.8747029,197.655433
DRG2825,SALBUTAMOL NEBULES 2.5MG ,450,350,465.5,665.665,1018.46745,2800.785488
DRG1620,CONCOR 2.5MG TABS X30,"7,500.00",71.72,95.3876,136.404268,208.69853,573.9209575
DRG1417,CALCIUM/VITAMIN D ,"1,400.00",23.4,31.122,44.50446,68.0918238,187.2525155
DRG1899,EXCELGAB pregabalin caps 75mg * 30,"3,000.00",162.23,215.7659,308.545237,472.0742126,1298.204085
DRG3251,LATANOPROST EYE DROP ,"7,000.00",5132,6825.56,9760.5508,14933.64272,41067.51748
DRG3071,IRON MAGANESE COPPER (TOTHEMA),"1,400.00",263.9,350.987,501.91141,767.9244573,2111.792258
DRG3143,URSOLIV 250MG * 50,960,1248,1659.84,2373.5712,3631.563936,9986.800824
DRG2248,LIQUID PARAFFIN,"1,200.00",600,798,1141.14,1745.9442,4801.34655
MED0344,TAB CITICHOLINE 500MG,600,260.85,346.9305,496.110615,759.049241,2087.385413
DRG1623,CONTIFLO XL,150,195,259.35,370.8705,567.431865,1560.437629
DRG3132,DEXTROSE 10% IN WATER ,550,496.4,660.212,944.10316,1444.477835,3972.314046
DRG3200,DICLOFENAC 50MG SUPPOSITORIES,400,226.85,301.7105,431.446015,660.112403,1815.309108
DRG2429,CLOTRIMAZOLE VAGINAL TABLET 100MG,50,65,86.45,123.6235,189.143955,520.1458763
DRG4027,ALBENDAZOLE 100MG PER 5ML SUSP,450,150,199.5,285.285,436.48605,1200.336638
DRG3161,SALBUTAMOL NEBULES 5MG/VIAL,425,450,598.5,855.855,1309.45815,3601.009913
DRG2149,ISOSORBIDE DINITRATE 10MG ,300,65,86.45,123.6235,189.143955,520.1458763
DRG4455,ISOSORBIDE MONONITRATE 60MG TA,250,63,83.79,119.8197,183.324141,504.1413878
DRG2297,Loxagyl 400mg,18,23.4,31.122,44.50446,68.0918238,187.2525155
DRG2571,OLOPATADINE EYE DROP,"3,500.00",2743,3648.19,5216.9117,7981.874901,21950.15598
DRG1150,AMPICILLIN CLOXACILLIN 500MG INJECTION ,"3,000.00",300,399,570.57,872.9721,2400.673275
DRG2129,RANITIDINE 300MG TAB,210,60,79.8,114.114,174.59442,480.134655
DRG7800,Co-mepiry forte tab,216,127,168.91,241.5413,369.558189,1016.28502
DRG1719,DICLOFENAC EYE DROP ,800,1040,1383.2,1977.976,3026.30328,8322.33402
DRG2624,OXYTOCIN INJ 10 UNIT,130,85,113.05,161.6615,247.342095,680.1907613
DRG3193,VITAMIN E 1000IU,85,100,133,190.19,290.9907,800.224425
DRG1823,MULTIVITAMIN ,4,5.2,6.916,9.88988,15.1315164,41.6116701
DRG4661,ARTEETHER 20MG INJECTION ,667,800,1064,1521.52,2327.9256,6401.7954
DRG4860,TORSEMIDE 10MG TAB ,96,56.12,74.6396,106.734628,163.3039808,449.0859472
DRG1005,50% DEXTROSE,900,500,665,950.95,1454.9535,4001.122125
DRG1100,AMITRIPTYLINE TABS 10MG,8,10.4,13.832,19.77976,30.2630328,83.2233402
DRG3077,TRANEXAMIC ACID 500MG INJ,700,500,665,950.95,1454.9535,4001.122125
MED0447,Levofem,"6,500.00",100,133,190.19,290.9907,800.224425
DRG4185,CLINDAMYCIN 150MG CAP,130,169,224.77,321.4211,491.774283,1352.379278
DRG2101,HISTAC (RANITIDINE) 300MG TAB,210,70,93.1,133.133,203.69349,560.1570975
DRG1452,CARBAMAL-200 CR TABS X100 (SACHETS),"3,500.00",96,127.68,182.5824,279.351072,768.215448
DRG4220,Dapagliflozin 10mg x28,521,677.3,900.809,1288.15687,1970.880011,5419.92003
MED0226,ARTESUNATE INJECTION 30MG,700,600,798,1141.14,1745.9442,4801.34655
DRG3037,TENORETIC TAB,66,85.8,114.114,163.18302,249.6700206,686.5925567
MED0047,NEBIVOLOL 5MG ,150,195,259.35,370.8705,567.431865,1560.437629
DRG1407,CABERGOLINE 0.5MG TABS ,"2,500.00",1022.02,1359.2866,1943.779838,2973.983152,8178.453668
DRG2312,PARACETAMOL 125MG SYRUP ,200,260,345.8,494.494,756.57582,2080.583505
DRG4511,LINAGLIPTIN 5MG,533,224,297.92,426.0256,651.819168,1792.502712
DRG3160,SALBUTAMOL INHALER ,"3,200.00",2000,2660,3803.8,5819.814,16004.4885
DRG1845,VITAMIN B COMPLEX SYRUP` ,300,390,518.7,741.741,1134.86373,3120.875258
DRG1795,EM-B-PLEX TAB *100,600,38.4,51.072,73.03296,111.7404288,307.2861792
DRG4490,LABETALOL HCL 50MG INJECTION,"3,000.00",1215,1615.95,2310.8085,3535.537005,9722.726764
DRG1923,FENOFIBRATE 160MG satchet,107,139.1,185.003,264.55429,404.7680637,1113.112175
DRG2933,SIMVASTATINE 20MG,700,30,39.9,57.057,87.29721,240.0673275
DRG1095,AMINOPHYLLINE INJECTION 250MG/AMP,120,156,207.48,296.6964,453.945492,1248.350103
CONS021,Gp Consultation,"2,500.00","2,500.00",3325,4754.75,7274.7675,20005.61063
CONS022,Gp Review \follow up,"1,275.70","1,275.70",1696.681,2426.25383,3712.16836,10208.46299
ADM03,GENERAL ROOM,"3,859.80","3,859.80",5133.534,7340.95362,11231.65904,30887.06236
FEED03,GENERAL ROOM  FEEDING,"3,552.16","3,552.16",4724.3728,6755.853104,10336.45525,28425.25194
ADM02,SEMI PRIVATE ROOM,"6,033.81","6,033.81",8024.9673,11475.70324,17557.82596,48284.02139
ADM01,PRIVATE ROOM,"11,947.80","11,947.80",15890.574,22723.52082,34766.98685,95609.21384
FEED02,SEMI PRIVATE ROOM FEEDING PER DAY,"3,863.22","3,863.22",5138.0826,7347.458118,11241.61092,30914.43003
FEED01,PRIVATE ROOM FEEDING PER DAY,"4,119.04","4,119.04",5478.3232,7834.002176,11986.02333,32961.56416
OPT168,OPTOMETRIST CONSULTATION,"2,499.20","2,499.20",3323.936,4753.22848,7272.439574,19999.20883
CONS007,Dental Consultation,"2,983.95","2,983.95",3968.6535,5675.174505,8683.016993,23878.29673
CONS023,Gynaecology and Obstetrics Consultation,"12,070.67","12,070.67",16053.9911,22957.20727,35124.52713,96592.44961
CONS047,Paediatrician Consultation,"12,121.60","12,121.60",16121.728,23054.07104,35272.72869,97000.0039
CONS039,Opthalmologist Consultion,"4,275.59","4,275.59",5686.5347,8131.744621,12441.56927,34214.31549
CONS003,Cardiologist Consultation,"15,107.52","15,107.52",20093.0016,28732.99229,43961.4782,120894.0651
CONS043,Orthopaedic Consultation,"15,647.49","15,647.49",20811.1617,29759.96123,45532.74068,125215.0369
INP0003,Professional Fee,"12,510.52","12,510.52",16638.9916,23793.75799,36404.44972,100112.2367
CONS027,Internal Medicine Physician Consultation,"9,733.11","9,733.11",12945.0363,18511.40191,28322.44492,77886.72353
CONS024,Gynaecology and Obstetrics Follow Up,"7,418.93","7,418.93",9867.1769,14110.06297,21588.39634,59368.08994
CONS015,Ent Specialist Consultation,"12,857.91","12,857.91",17101.0203,24454.45903,37415.32231,102892.1364
CONS019,General Surgeon Consultation,"15,687.96","15,687.96",20864.9868,29836.93112,45650.50462,125538.8877
CONS004,Cardiologist Follow Up,"10,147.31","10,147.31",13495.9223,19299.16889,29527.7284,81201.2531
CONS009,Dermatology Consultation,"15,642.43","15,642.43",20804.4319,29750.33762,45518.01655,125174.5455
CONS051,Physiotherapist Consultation,"7,460.46","7,460.46",9922.4118,14189.04887,21709.24478,59700.42315
CONS088,FAMILY MEDICINE PHYSICIAN CONSULTATION,"10,871.27","10,871.27",14458.7891,20676.06841,31634.38467,86994.55784
CONS069,Specialist Initial Consultation,"10,652.65","10,652.65",14168.0245,20260.27504,30998.2208,85245.1072
CONS044,Orthopaedic Follow Up,"8,645.15","8,645.15",11498.0495,16442.21079,25156.5825,69180.60188
CONS048,Paediatrician Follow Up,"8,447.42","8,447.42",11235.0686,16066.1481,24581.20659,67598.31812
CONS063,Urologist Consultation,"22,328.10","22,328.10",29696.373,42465.81339,64972.69449,178674.9098
CONS052,Physiotherapist Review,"5,730.18","5,730.18",7621.1394,10898.22934,16674.29089,45854.29995
CONS028,Internal Medicine Physician Review,"6,065.10","6,065.10",8066.583,11535.21369,17648.87695,48534.41161
CONS035,Neurologist Consultation,"26,025.11","26,025.11",34613.3963,49497.15671,75730.64976,208259.2868
CONS070,Specialist  Review Consultations,"11,614.88","11,614.88",15447.7904,22090.34027,33798.22062,92945.10671
CONS013,Endocrinology Consultation,"21,500.68","21,500.68",28595.9044,40892.14329,62564.97924,172053.6929
DENT47,Dental Orthodontic Consultation,"3,000.00","3,000.00",3990,5705.7,8729.721,24006.73275
OPT170,OPTOMETRIST FOLLOW UP/ REVIEW,"1,957.04","1,957.04",2602.8632,3722.094376,5694.804395,15660.71209
CONS020,General Surgeon Follow Up,"8,162.86","8,162.86",10856.6038,15524.94343,23753.16345,65321.19949
CONS010,Dermatology Follow Up,"9,136.05","9,136.05",12150.9465,17375.8535,26585.05585,73108.90359
DIAG019,Physicals,"1,792.60","1,792.60",2384.158,3409.34594,5216.299288,14344.82304
CONS064,Urologist Review,"15,518.09","15,518.09",20639.0597,29513.85537,45156.19872,124179.5465
CONS017,Gastroenterology Consultation,"19,004.19","19,004.19",25275.5727,36144.06896,55300.42551,152076.1702
CONS016,Ent Specialst Follow Up,"9,489.16","9,489.16",12620.5828,18047.4334,27612.57311,75934.57605
NICU,NICU,"27,292.68","27,292.68",36299.2644,51907.94809,79419.16058,218402.6916
CONS036,Neurologist Follow Up,"13,442.14","13,442.14",17878.0462,25565.60607,39115.37728,107567.2875
CONS040,Opthalmologist Review,"3,478.13","3,478.13",4625.9129,6615.055447,10121.03483,27832.84578
CONS045,Paediatric Surgeon Consultation,"20,426.85","20,426.85",27167.7105,38849.82602,59440.2338,163460.643
CONS011,Dietician Consultation,"6,396.55","6,396.55",8507.4115,12165.59845,18613.36562,51186.75546
CONS014,Endocrinology Follow Up,"13,600.91","13,600.91",18089.2103,25867.57073,39577.38322,108837.8039
CONS008,Dental Follow Up,"2,200.87","2,200.87",2927.1571,4185.834653,6404.327019,17611.8993
CONS033,Nephrology Consultation,"35,022.00","35,022.00",46579.26,66608.3418,101910.763,280254.5983
AMB01,Ambulance,"54,583.33","54,583.33",72595.8289,103812.0353,158832.4141,436789.1388
CONS089,FAMILY MEDICINE PHYSICIAN REVIEW,"8,203.13","8,203.13",10910.1629,15601.53295,23870.34541,65643.44988
CONS018,Gastroenterology Follow Up,"14,144.23","14,144.23",18811.8259,26900.91104,41158.39389,113185.5832
PCD903,Incubator Care,"17,833.33","17,833.33",23718.3289,33917.21033,51893.3318,142706.6625
ADM0006,Accommodation - Four Bedded room,"3,950.00","3,950.00",5253.5,7512.505,11494.13265,31608.86479
CONS025,Haematologist Consultation,"24,148.15","24,148.15",32117.0395,45927.36649,70268.87072,193239.3945
CON3948,Consultant Physician,"11,033.33","11,033.33",14674.3289,20984.29033,32105.9642,88291.40155
CONS056,Psychiatrist Review,"9,850.00","9,850.00",13100.5,18733.715,28662.58395,78822.10586
CONS062,Rheumatology Follow Up,"18,001.82","18,001.82",23942.4206,34237.66146,52383.62203,144054.9606
CONS034,Nephrology Follow Up,"12,075.28","12,075.28",16060.1224,22965.97503,35137.9418,96629.33995
CONS055,Psychiatrist Consultation,"15,058.55","15,058.55",20027.8715,28639.85625,43818.98005,120502.1951
CONS068,"Rare Specialist Consultation (Neurosurgeon, Neurologist)","20,463.64","20,463.64",27216.6412,38919.79692,59547.28928,163755.0455
CONS071,Subsequent Specialist Reviews,"11,913.64","11,913.64",15845.1412,22658.55192,34667.58443,95335.85718
Con2908,Family Medicine Physician followup,"6,800.00","6,800.00",9044,12932.92,19787.3676,54415.2609
ADM0008,Admission pack,"10,000.00","10,000.00",13300,19019,29099.07,80022.4425
CONS037,Neurosurgeon Consultation,"38,521.25","38,521.25",51233.2625,73263.56538,112093.255,308256.4513
DRG4696,PHYSIOGEL,"2,016.75","2,016.75",2682.2775,3835.656825,5868.554942,16138.52609
CONS059,Respiratory Physician / Pulmonologist Consultation,"31,535.00","31,535.00",41941.55,59976.4165,91763.91725,252350.7724
CONS061,Rheumatology Consultation,"25,022.50","25,022.50",33279.925,47590.29275,72813.14791,200236.1568
DIAG162,Nephrologist Consultation (First Session),"24,693.92","24,693.92",32842.9136,46965.36645,71857.01067,197606.7793
CONS053,Plastic Surgeon Consultation,"35,000.00","35,000.00",46550,66566.5,101846.745,280078.5488
CONS006,Cardiothoracic Surgeon Consultation,"28,300.00","28,300.00",37639,53823.77,82350.3681,226463.5123
CONS026,Haematologist Follow Up,"18,666.67","18,666.67",24826.6711,35502.13967,54318.2737,149375.2527
CLI0148,Physical Examination,"2,000.00","2,000.00",2660,3803.8,5819.814,16004.4885
INP0005,Professional Fee,"9,353.30","9,353.30",12439.889,17789.04127,27217.23314,74847.39114
CON123,PULMUNOLOGIST,"44,500.00","44,500.00",59185,84634.55,129490.8615,356099.8691
DIAG170,RESUSCITATION / EMERGENCY CARE,"4,879.25","4,879.25",6489.4025,9279.845575,14198.16373,39044.95026
OUT0005,care coordination refund,"313,200.00","313,200.00",416556,595675.08,911382.8724,2506302.899
CONS031,Neonatologist Consultation,"10,062.50","10,062.50",13383.125,19137.86875,29280.93919,80522.58277
CONS041,Orthodontist Consultation,"21,250.00","21,250.00",28262.5,40415.375,61835.52375,170047.6903
CONS012,Dietician Follow Up,"3,500.00","3,500.00",4655,6656.65,10184.6745,28007.85488
CONS083,EMERGENCY CONSULTATION,"7,666.67","7,666.67",10196.6711,14581.23967,22309.2967,61350.56593
CONS042,Orthodontist Follow Up,"5,833.33","5,833.33",7758.3289,11094.41033,16974.4478,46679.73145
ICU,ICU CARE/DAY,"557,950.00","557,950.00",742073.5,1061165.105,1623582.611,4464852.18
CONS038,Neurosurgeon Follow Up,"25,000.00","25,000.00",33250,47547.5,72747.675,200056.1063
CONS075,ONCOLOGY(1STVISIT),"33,750.00","33,750.00",44887.5,64189.125,98209.36125,270075.7434
CONS046,Paediatric Surgeon Review,"11,100.00","11,100.00",14763,21111.09,32299.9677,88824.91118
ADM0007,Accommodation and Nursing- Daycase,"1,500.00","1,500.00",1995,2852.85,4364.8605,12003.36638
ADM00004,admission and investigations,"4,500.00","4,500.00",5985,8558.55,13094.5815,36010.09913
CONS001,Anaesthesiologist Consultation,"7,500.00","7,500.00",9975,14264.25,21824.3025,60016.83188
CONS002,Anaesthesiologist Review,"4,000.00","4,000.00",5320,7607.6,11639.628,32008.977
CONS005,Cardiothoracic Surgeon  Follow Up,"45,000.00","45,000.00",59850,85585.5,130945.815,360100.9913
CONS030,Maxilloficial Surgeon Consultation,"50,000.00","50,000.00",66500,95095,145495.35,400112.2125
ADM0003,Nursery Room/Accommodation,"20,000.00","20,000.00",26600,38038,58198.14,160044.885
CONS077,PAEDIATIC and DEVELOPMENTAL NEUROLOGY(FOLLOWUP),"15,000.00","15,000.00",19950,28528.5,43648.605,120033.6638
CONS078,PAEDIATRIC and DEVELOPMENTAL NEUROLOGY(1STVISIT),"50,000.00","50,000.00",66500,95095,145495.35,400112.2125
CONS054,Plastic Surgeon Review,"25,000.00","25,000.00",33250,47547.5,72747.675,200056.1063
CONS060,Respiratory Physician / Pulmonologist Follow Up,"12,960.00","12,960.00",17236.8,24648.624,37712.39472,103709.0855
DIAG435,MALARIAL PARASITE THICK  AND THIN FILMS -  [BLOOD],"1,600.00","1,600.00",2128,3043.04,4655.8512,12803.5908
DIAG422,FBC/ CBC (FULL BLOOD COUNT) [BLOOD],"3,000.00","3,000.00",3990,5705.7,8729.721,24006.73275
DIAG247,FASTING BLOOD SUGAR -[PLASMA],"1,018.71",700,931,1331.33,2036.9349,5601.570975
DIAG380,URINALYSIS,"1,057.74",734,976.22,1395.9946,2135.871738,5873.64728
DIAG450,"WBC (LEUCOCYTE) : TOTAL AND ABSOLUTE DIFFERENTIAL COUNTS,  -  [BLOOD]","1,531.72",910,1210.3,1730.729,2648.01537,7282.042268
DIAG441,PCV -PACKED CELL VOLUME (HAEMATOCRIT) -  [BLOOD],915.79,840,1117.2,1597.596,2444.32188,6721.88517
DIAG763,URINE M/C/S,"2,949.80","1,500.00",1995,2852.85,4364.8605,12003.36638
OPT123,REFRACTION,"1,999.90","1,999.90",2659.867,3803.60981,5819.523009,16003.68827
DIAG1688,PREGNANCY TEST -  [SERUM],"1,367.65","1,028.00",1367.24,1955.1532,2991.384396,8226.307089
OPT144,TONOMETRY,"1,484.53","1,484.53",1974.4249,2823.427607,4319.844239,11879.57166
DIAG753,STOOL M/C/S,"3,744.15","3,000.00",3990,5705.7,8729.721,24006.73275
DIAG1678,HELICOBACTER PYLORI (RAPID TEST) -  [SERUM],"5,088.71","4,406.00",5859.98,8379.7714,12821.05024,35257.88816
DIAG307,EUCR,"5,871.92","4,200.00",5586,7987.98,12221.6094,33609.42585
DIAG275,"LIPID PROFILE = TOTAL CHOLESTEROL, HDL,LDL,VLDL, TRIGLYCERIDES","6,111.64","3,635.50",4835.215,6914.35745,10578.9669,29092.15898
DIAG723,HIGH VAGINAL SWAB (HVS) M/C/S,"4,187.26","3,966.00",5274.78,7542.9354,11540.69116,31736.90069
DIAG1845,ABDOMINOPELVICS,"6,190.23","4,970.00",6610.1,9452.443,14462.23779,39771.15392
DIAG010,ECG (RESTING) ELECTROCARDIOGRAPHY,"6,510.86","8,000.00",10640,15215.2,23279.256,64017.954
DIAG1970,XRAY CHEST AP/LAT,"5,120.35","3,947.40",5250.042,7507.56006,11486.56689,31588.05895
Pro0001,PELVIC SCAN,"4,133.86","5,530.00",7354.9,10517.507,16091.78571,44252.4107
DIAG421,ESR (AUTOMATED)   -  [BLOOD],"1,990.89",840,1117.2,1597.596,2444.32188,6721.88517
DIAG1682,HIV 1 AND 2 SCREENING (SERUM),"1,990.04","6,790.00",9030.7,12913.901,19758.26853,54335.23846
DIAG215,RANDOM BLOOD SUGAR,"1,148.17","1,260.00",1675.8,2396.394,3666.48282,10082.82776
PCD280,ANTENATAL CARE PACKAGE- ROUTINE INV AND 8 VISITS ,"45,329.70","30,000.00",39900,57057,87297.21,240067.3275
DIAG1843,SONO ABDOMEN SCAN,"6,020.66","4,970.00",6610.1,9452.443,14462.23779,39771.15392
PCD4311,SLIT LAMP,"1,529.89","4,200.00",5586,7987.98,12221.6094,33609.42585
OPT02,OPTICAL CONSULTATION,"2,437.31","2,437.31",3241.6223,4635.519889,7092.34543,19503.94993
DIAG1846,SONO ABDOMINOPELVICS,"6,437.75","4,970.00",6610.1,9452.443,14462.23779,39771.15392
Pro0010,INDIRECT OPTHALMOSCOPY,"2,482.86","2,800.00",3724,5325.32,8147.7396,22406.2839
DIAG259,HBA1C- GLYCATED HAEMOGLOBIN -  [BLOOD],"7,604.11","4,500.00",5985,8558.55,13094.5815,36010.09913
DIAG278,LIVER FUNCTION TESTS,"6,938.61","6,000.00",7980,11411.4,17459.442,48013.4655
OPT35,DILATED FUNDOSCOPY,"1,375.44","1,375.44",1829.3352,2615.949336,4002.402484,11006.60683
DIAG1675,"HBSAG, SCREENING -  [SERUM]","4,920.48","4,200.00",5586,7987.98,12221.6094,33609.42585
DIAG750,SPUTUM M/C/S,"3,611.11","2,020.00",2686.6,3841.838,5878.01214,16164.53339
OPH0010,FUNDUSCOPY,"3,087.05","3,087.05",4105.7765,5871.260395,8983.028404,24703.32811
DIAG722,HELICOBACTER PYLORI -[STOOL],"5,120.08","4,130.00",5492.9,7854.847,12017.91591,33049.26875
DIAG2052,XRAY LUMBOSACRAL AP/LAT,"6,436.06","3,947.40",5250.042,7507.56006,11486.56689,31588.05895
DIAG236,CREATININE -  [SERUM],"2,182.85",900,1197,1711.71,2618.9163,7202.019825
OPT162,VISUAL ACUITY,980.64,980.64,1304.2512,1865.079216,2853.5712,7847.3208
DIAG773,GENOTYPE SCREENING,"1,981.87","1,500.00",1995,2852.85,4364.8605,12003.36638
DIAG1977,XRAY CHEST PA VIEW,"4,201.34","3,000.00",3990,5705.7,8729.721,24006.73275
DIAG1655,ABO BLOOD GROUPING AND RHESUS TYPING/ BLOOD GROUP   -  [EDTA -BLOOD],"1,943.03",800,1064,1521.52,2327.9256,6401.7954
DIAG595,"PSA -PROSTATE SPECIFIC ANTIGEN, TOTAL -  [SERUM]","9,993.50","10,000.00",13300,19019,29099.07,80022.4425
DIAG246,"ELECTROLYTES = SODIUM, POTASSIUM, CHLORIDE [SERUM]","4,137.22","2,520.00",3351.6,4792.788,7332.96564,20165.65551
DIAG760,THROAT SWAB FOR  M/C/S,"4,213.04","4,000.00",5320,7607.6,11639.628,32008.977
DIAG323,UREA -  [SERUM],"1,771.99",840,1117.2,1597.596,2444.32188,6721.88517
DIAG329,URIC ACID -  [SERUM],"2,319.59",980,1303.4,1863.862,2851.70886,7842.199365
DIAG1660,ANTI HCV- SCREENING -[SERUM],"3,492.43","6,790.00",9030.7,12913.901,19758.26853,54335.23846
DIAG1849,SONO BREAST SCAN,"8,479.74","5,530.00",7354.9,10517.507,16091.78571,44252.4107
DIAG517,PAP SMEARS PROCEDURE -  [PAP SMEAR],"11,887.31","8,000.00",10640,15215.2,23279.256,64017.954
DIAG1707,VDRL (RPR) -  [SERUM],"1,934.30","1,469.00",1953.77,2793.8911,4274.653383,11755.2968
DIAG762,URETHRAL SWAB M/C/S,"2,752.23","1,500.00",1995,2852.85,4364.8605,12003.36638
DIAG598,THYROID FUNCTION TEST(T3  T4  TSH)- [SERUM],"11,516.82","11,516.82",15317.3706,21903.83996,33512.87514,92160.40664
DIAG1714,MAMMOGRAPHY,"17,278.90","20,000.00",26600,38038,58198.14,160044.885
DIAG221,CALCIUM -  [SERUM],"1,737.44","2,000.00",2660,3803.8,5819.814,16004.4885
OPT118,Pachymetry (each eye),"5,553.69","5,553.69",7386.4077,10562.56301,16160.72141,44441.98388
DIAG686,BLOOD CULTURE (AEROBIC AND ANAEROBIC),"5,080.02","2,800.00",3724,5325.32,8147.7396,22406.2839
DIAG1661,ANTI HCV -TOTAL ANTIBODIES TO HEPATITIS C VIRUS  -  [SERUM],"4,978.16","6,500.00",8645,12362.35,18914.3955,52014.58763
DIAG211,BILIRUBIN (TOTAL) -  [SERUM],"3,265.23","1,000.00",1330,1901.9,2909.907,8002.24425
DIAG009,ECG (POST EXERCISE/STRESS TEST) OR 24 HOURS,"6,802.79","7,000.00",9310,13313.3,20369.349,56015.70975
DIAG764,URINE MICROSCOPY (FOR  PARASITES),"1,336.54",735,977.55,1397.8965,2138.781645,5881.649524
DIAG228,CHOLESTEROL (TOTAL) -  [SERUM],"1,806.64","1,200.00",1596,2282.28,3491.8884,9602.6931
DIAG1865,SONO OBSTETRICS/PREG(1 TO 3 MONTHS),"3,891.85","4,970.00",6610.1,9452.443,14462.23779,39771.15392
DIAG1708,WIDAL TEST -  [SERUM],"1,618.54","1,469.00",1953.77,2793.8911,4274.653383,11755.2968
DIAG706,"CULTURE, HELICOBACTER PYLORI - [ANY SAMPLE]","4,706.89","4,130.00",5492.9,7854.847,12017.91591,33049.26875
DENT140,Glucose - Blood (Automated) FBS or RBS,"1,573.48","1,573.48",2092.7284,2992.601612,4578.680466,12591.37128
DIAG212,"BILIRUBIN (TOTAL, DIRECT, INDIRECT) -  [SERUM]","2,319.58","1,322.00",1758.26,2514.3118,3846.897054,10578.9669
DIAG013,ECHOCARDIOGRAPHY,"32,754.03","25,000.00",33250,47547.5,72747.675,200056.1063
DIAG1879,SONO TRANSVAGINAL,"7,751.00","5,530.00",7354.9,10517.507,16091.78571,44252.4107
DIAG209,BILIRUBIN (DIRECT) -  [SERUM],"2,169.76",808,1074.64,1536.7352,2351.204856,6465.813354
DIAG241,CRP- C-REACTIVE PROTEIN -  [SERUM],"7,301.82","4,488.58",5969.8114,8536.830302,13061.35036,35918.71349
DIAG1961,XRAY CERVICAL SPINE AP/LAT,"6,651.81","3,947.40",5250.042,7507.56006,11486.56689,31588.05895
DIAG425,HAEMOGLOBIN -  [BLOOD],808.56,840,1117.2,1597.596,2444.32188,6721.88517
DIAG767,WOUND SWAB M/C/S,"4,375.54","4,000.00",5320,7607.6,11639.628,32008.977
DIAG2028,XRAY LEFT KNEE  AP/LAT,"6,357.18","3,933.70",5231.821,7481.50403,11446.70117,31478.42822
Den213,PERIAPICAL X-RAY,"4,399.51","4,399.51",5851.3483,8367.428069,12802.16495,35205.95361
DIAG593,PROLACTIN -  [SERUM],"5,973.68","6,580.00",8751.4,12514.502,19147.18806,52654.76717
DIAG1866,SONO OBSTETRICS/PREG(4 TO 9 MONTHS),"4,493.38","4,970.00",6610.1,9452.443,14462.23779,39771.15392
DIAG2102,XRAY RIGHT KNEE  AP/LAT,"5,861.50","4,000.00",5320,7607.6,11639.628,32008.977
PCD4249,PERI-APICAL/ BITEWING X-RAY,"3,418.60","3,000.00",3990,5705.7,8729.721,24006.73275
DIAG592,PROGESTERONE (P4) -  [SERUM],"5,933.86","6,580.00",8751.4,12514.502,19147.18806,52654.76717
DIAG1947,XRAY BOTH KNEE AP/LAT STANDING,"9,105.24","6,609.00",8789.97,12569.6571,19231.57536,52886.83224
DIAG2046,XRAY LUMBAR SPINE AP/LAT,"5,797.33","3,672.00",4883.76,6983.7768,10685.1785,29384.24088
DIAG558,E2 - ESTRADIOL -  [SERUM],"5,447.39","6,580.00",8751.4,12514.502,19147.18806,52654.76717
DIAG710,EAR SWAB M/C/S,"4,123.35","3,032.50",4033.225,5767.51175,8824.292978,24266.80569
DIAG746,"SEMEN, ROUTINE EXAMINATION/ SEMINAL FLUID ANALYSIS - [SEMEN]","4,214.35","2,313.15",3076.4895,4399.379985,6731.051377,18510.39129
DIAG035,CT BRAIN,"44,582.21","42,000.00",55860,79879.8,122216.094,336094.2585
BIO0001,HORMONAL PROFILE,"22,395.98","22,395.98",29786.6534,42594.91436,65170.21897,179218.1022
DIAG728,MICROFILARIA DETECTION -  [BLOOD],"1,947.02","1,000.00",1330,1901.9,2909.907,8002.24425
DIAG1864,SONO OBSTETRICS WITH BIOPHYSICAL PROFILE,"6,179.45","4,970.00",6610.1,9452.443,14462.23779,39771.15392
DIAG1867,SONO OBSTRICS 4D SCAN,"6,197.43","4,970.00",6610.1,9452.443,14462.23779,39771.15392
DIAG1517,PSA -PROSTATE SPECIFIC ANTIGEN -  [TISSUE],"9,093.49","8,000.00",10640,15215.2,23279.256,64017.954
DIAG1871,SONO PROSTRATE / TRUS,"8,376.29","5,530.00",7354.9,10517.507,16091.78571,44252.4107
DIAG1875,SONO TESTES /  SONO SROTUM / SCROTAL DOPPLER,"8,370.25","7,000.00",9310,13313.3,20369.349,56015.70975
DIAG2112,XRAY RIGHT SHOULDER JOINT AP/LAT,"5,405.01","4,000.00",5320,7607.6,11639.628,32008.977
DIAG733,OCCULT BLOOD -  [STOOL],"1,833.19",910,1210.3,1730.729,2648.01537,7282.042268
PCD795,EAR SYRINGING -UNILATERAL,"6,067.08","10,000.00",13300,19019,29099.07,80022.4425
DIAG1969,XRAY CHEST AP SUPINE VIEW,"5,000.82","2,520.00",3351.6,4792.788,7332.96564,20165.65551
Pro0004,BREAST SCAN,"8,278.15","6,500.00",8645,12362.35,18914.3955,52014.58763
BIO0016,BLOOD GROUP AND ANTIBODY,"2,534.02","1,000.00",1330,1901.9,2909.907,8002.24425
DIAG745,SEMEN M/C/S,"4,622.09","3,686.40",4902.912,7011.16416,10727.08116,29499.47319
DIAG568,FSH-LH-PROLACTIN -  [SERUM],"15,198.42","10,160.00",13512.8,19323.304,29564.65512,81302.80158
OPT171,GONIOSCOPY,"2,619.05","2,619.05",3483.3365,4981.171195,7621.191928,20958.2778
DIAG534,ANTI HBSAG -TOTAL ANTIBODIES TO HEPATITIS B SURFACE ANTIGEN (QUANTITATIVE),"3,396.98","4,200.00",5586,7987.98,12221.6094,33609.42585
DIAG1680,HEPATITIS B VIRUS SURFACE ANTIGEN SPOT TEST  [QUALITATIVE - SERUM],"1,577.21","4,200.00",5586,7987.98,12221.6094,33609.42585
DIAG711,ENDOCERVICAL SWAB M/C/S,"4,131.65","2,737.08",3640.3164,5205.652452,7964.648252,21902.78269
OPT 25001,INTRA OCULAR PRESSURE TEST,"1,110.77","1,110.77",1477.3241,2112.573463,3232.237398,8888.652845
DIAG1180,Folic acid -  [serum.],46.2,46.2,61.446,87.86778,134.4377034,369.7036844
DIAG2083,XRAY RIGHT ANKLE JOINT AP/LAT,"5,680.82","3,928.22",5224.5326,7471.081618,11430.75488,31434.57592
PCD4089,CVF,"7,350.00","5,000.00",6650,9509.5,14549.535,40011.22125
DIAG383,"URINE, ROUTINE EXAMINATION-  [URINE, SPOT]","1,047.07","1,047.07",1392.6031,1991.422433,3046.876322,8378.909886
DIAG025,CT ABDOMEN AND PELVIS FEMALE,"40,064.47","42,000.00",55860,79879.8,122216.094,336094.2585
DIAG1649,Zinc - [Urine 24H],90,"2,520.00",3351.6,4792.788,7332.96564,20165.65551
DIAG243,"ELECTROLYTES = SODIUM, POTASSIUM, CHLORIDE  [URINE, 24 HOURS]","4,832.66","2,520.00",3351.6,4792.788,7332.96564,20165.65551
DIAG1894,HSG (PROCEDURE) HYSTEROSALPINGOGRAM,"22,889.56","19,208.00",25546.64,36531.6952,55893.49366,153707.1076
DIAG2010,XRAY LEFT ANKLE JOINT AP/LAT,"5,491.85","3,672.00",4883.76,6983.7768,10685.1785,29384.24088
DIAG1852,SONO FOLLICULAR STUDY,"6,935.65","6,935.65",9224.4145,13190.91274,20182.09648,55500.76532
DIAG2051,XRAY LUMBOSACRAL AP,"6,072.67","3,920.00",5213.6,7455.448,11406.83544,31368.79746
BIO0023,CLOTTING PROFILE,"7,051.74","2,000.00",2660,3803.8,5819.814,16004.4885
DIAG566,FSH - FOLLICLE STIMULATING HORMONE -  [SERUM],"6,346.22","5,922.00",7876.26,11263.0518,17232.46925,47389.29044
DIAG1227,HCV-IGM ANTIBODY -  [SERUM],"3,584.40","3,584.40",4767.252,6817.17036,10430.27065,28683.24429
DIAG757,SWAB M/C/S,"4,273.19","3,126.50",4158.245,5946.29035,9097.824236,25019.01665
DIAG569,FSH-LH-PROLACTIN - PROGESTERONE [SERUM],"16,491.58","16,491.58",21933.8014,31365.336,47988.96408,131969.6512
DIAG382,URINE SUGAR (FASTING AND POST PRANDIAL),"1,204.27","1,204.27",1601.6791,2290.401113,3504.313703,9636.862683
DIAG2080,XRAY POST NASAL SPACE,"4,983.47","4,983.47",6628.0151,9478.061593,14501.43424,39878.94416
DIAG256,ORAL GLUCOSE TOLERANCE TEST,"5,259.26","5,259.26",6994.8158,10002.58659,15303.95749,42085.8831
DIAG443,PERIPHERAL BLOOD FILM SMEAR  -  [BLOOD],"7,156.25","7,156.25",9517.8125,13610.47188,20824.02197,57266.06042
DIAG1862,SONO NECK,"6,474.37","6,474.37",8610.9121,12313.6043,18839.81458,51809.4901
DIAG2016,XRAY LEFT FOOT AP/LAT,"6,314.31","3,892.32",5176.7856,7402.803408,11326.28921,31147.29533
DIAG1934,XRAY BOTH ANKLE JOINT AP/LAT,"5,841.32","4,000.00",5320,7607.6,11639.628,32008.977
DIAG1954,XRAY BOTH SHOULDER JOINT AP/LAT,"7,739.92","4,000.00",5320,7607.6,11639.628,32008.977
DIAG2037,XRAY LEFT SHOULDER JOINT AP/LAT,"6,254.11","4,500.00",5985,8558.55,13094.5815,36010.09913
DIAG005,ANNUAL HEALTH SCREENING,"4,794.00","4,794.00",6376.02,9117.7086,13950.09416,38362.75894
DIAG591,LH-LUTEINIZING HORMONE -  [SERUM],"7,512.07","5,922.00",7876.26,11263.0518,17232.46925,47389.29044
OPT110,OCT -OCCULAR COHERENCE TOMOGRAPHY (BOTH EYES),"39,450.00","39,450.00",52468.5,75029.955,114795.8312,315688.5358
BIO0034,SKIN SCRAPING,"4,952.12","4,952.12",6586.3196,9418.437028,14410.20865,39628.07379
DIAG2135,XRAY SKULL AP/LAT,"6,263.98","3,672.00",4883.76,6983.7768,10685.1785,29384.24088
DIAG026,CT ABDOMEN AND PELVIS MALE,"43,392.59","42,000.00",55860,79879.8,122216.094,336094.2585
DIAG1842,SCROTAL ULTRASOUND  DOPPLER,"10,382.64","7,309.60",9721.768,13902.12824,21270.25621,58493.20458
DIAG617,TROPONIN-I -  [SERUM] (QUANTITATIVE),"12,686.46","12,686.46",16872.9918,24128.37827,36916.41876,101520.1516
DIAG319,TRIGLYCERIDES -  [SERUM],"2,311.60","2,500.00",3325,4754.75,7274.7675,20005.61063
DIAG1917,XRAY ABDOMEN (ERECT AND SUPINE VIEWS),"6,164.57","3,883.14",5164.5762,7385.343966,11299.57627,31073.83474
DIAG2089,XRAY RIGHT FOOT AP/LAT,"5,664.59","4,000.00",5320,7607.6,11639.628,32008.977
DIAG234,C-REACTIVE PROTEIN (ASPIRATE),"8,379.18","6,300.00",8379,11981.97,18332.4141,50414.13878
DIAG1847,SONO ANOMALY SCAN,"14,149.85","7,200.00",9576,13693.68,20951.3304,57616.1586
DIAG1634,VITAMIN C ASCORBIC ACID - [HEPARIN PLASMA/SERUM],783.33,783.33,1041.8289,1489.815327,2279.41745,6268.397988
DIAG1998,"XRAY HIP AP, LATERAL AND OBLIQUE","6,127.19","5,141.00",6837.53,9777.6679,14959.83189,41139.5377
DIAG712,EYE SWAB M/C/S,"4,350.75","4,000.00",5320,7607.6,11639.628,32008.977
DIAG743,"ROUTINE EXAMINATION, STOOL (BASIC) -  [STOOL]","1,775.39","1,775.39",2361.2687,3376.614241,5166.219789,14207.10442
DIAG1949,XRAY BOTH KNEES (AP),"7,806.08","3,989.48",5306.0084,7587.592012,11609.01578,31924.7934
DIAG867,ANTI HBSAG SURFACE ANTIBODY (SERUM),"4,086.25","4,086.25",5434.7125,7771.638875,11890.60748,32699.17057
DIAG588,INSULIN RANDOM - [SERUM],"7,183.92","7,183.92",9554.6136,13663.09745,20904.5391,57487.48253
DIAG730,MICROSCOPY/ CULTURE AND SENSITIVITY FOR AEROBIC/ ANAEROBIC BACTERIA [ANY SAMPLE],"7,325.79","4,333.00",5762.89,8240.9327,12608.62703,34673.72433
DIAG1822,PCD PELVIS (FEMALE),"4,111.11","4,111.11",5467.7763,7818.920109,11962.94777,32898.10637
DIAG1696,RF -RHEUMATOID FACTOR - QUALITATIVE - [SERUM],"3,682.33","2,240.00",2979.2,4260.256,6518.19168,17925.02712
DIAG2061,XRAY NECK AP/LAT,"7,273.19","4,700.00",6251,8938.93,13676.5629,37610.54798
DIAG2163,XRAY THORACIC SPINE AP/LAT,"6,135.51","4,056.86",5395.6238,7715.742034,11805.08531,32463.9846
DIAG648,"AFB, SMEAR EXAMINATION BY ZN STAIN (3 SAMPLES) -  [SPUTUM OR URINE]","3,639.33","1,840.00",2447.2,3499.496,5354.22888,14724.12942
DIAG011,ECG (RESTING) ELECTROCARDIOGRAPHY (PAEDIATRIC),"6,286.76","21,000.00",27930,39939.9,61108.047,168047.1293
DIAG1690,PROTHROMBIN TIME (PT) -  [CITRATE  PLASMA],"4,300.17","2,800.00",3724,5325.32,8147.7396,22406.2839
DIAG756,SWAB FOR M/C/S (ANY SWAB),"7,823.80","3,280.00",4362.4,6238.232,9544.49496,26247.36114
DIAG1706,VDRL (RPR) -  [CSF],"1,592.40",980,1303.4,1863.862,2851.70886,7842.199365
DIAG2018,XRAY LEFT FOREARM AP/LAT,"6,155.19","4,000.00",5320,7607.6,11639.628,32008.977
DIAG2022,XRAY LEFT HAND AP/LAT,"5,128.74","3,855.60",5127.948,7332.96564,11219.43743,30853.45293
DIAG2117,XRAY RIGHT WRIST JOINT AP/LAT,"4,768.92","3,672.00",4883.76,6983.7768,10685.1785,29384.24088
DIAG1215,HAPTOGLOBIN GENOTYPE - [EDTA BLOOD],"2,494.30","2,494.30",3317.419,4743.90917,7258.18103,19959.99783
DIAG726,MANTOUX TEST (TUBERCULIN SKIN TEST)  -  [SKIN TEST],"1,275.44","1,330.00",1768.9,2529.527,3870.17631,10642.98485
DIAG1836,SPIROMETRY/ LUNG FUNCTION TEST,"11,983.31","10,000.00",13300,19019,29099.07,80022.4425
DIAG605,THYROID STIMULATING HORMONE (TSH) -  [SERUM],"4,613.85","7,000.00",9310,13313.3,20369.349,56015.70975
DIAG333,URINE MICROALBUMIN/CREATININE RATIO - [URINE SPOT],"4,798.41","3,892.00",5176.36,7402.1948,11325.35804,31144.73461
DIAG1915,XRAY ABDOMEN,"4,613.44","2,520.00",3351.6,4792.788,7332.96564,20165.65551
DIAG1989,XRAY FOOT AP VIEW,"4,328.76","2,250.00",2992.5,4279.275,6547.29075,18005.04956
DIAG643,"AFB, CULTURE BY CONVENTIONAL  LJ MEDIUM -  [SPUTUM]","2,810.27","2,810.27",3737.6591,5344.852513,8177.624345,22488.46695
DIAG1859,SONO K.U.B KIDNEY URETER BLADDER (RENAL SCAN),"12,217.72","15,000.00",19950,28528.5,43648.605,120033.6638
DIAG1876,SONO THYROID SCAN,"9,794.16","5,614.50",7467.285,10678.21755,16337.67285,44928.60034
DIAG2095,XRAY RIGHT HAND -AP/LAT,"5,250.01","3,672.00",4883.76,6983.7768,10685.1785,29384.24088
DIAG188,ALBUMIN -  [SERUM],"2,235.00","1,156.39",1537.9987,2199.338141,3364.987356,9253.715229
DIAG1689,PREGNANCY TEST -  [URINE],"1,082.00",881,1171.73,1675.5739,2563.628067,7049.977184
DIAG1860,SONO KUB AND PROSTATE,"7,542.00","5,530.00",7354.9,10517.507,16091.78571,44252.4107
DIAG2005,XRAY KNEE JOINT TUNNEL VIEW,"5,156.61","2,520.00",3351.6,4792.788,7332.96564,20165.65551
DIAG2025,XRAY LEFT HIP - AP / LAT,"6,853.71","4,500.00",5985,8558.55,13094.5815,36010.09913
DIAG2043,XRAY LEFT WRIST JOINT AP/LAT,"5,078.09","3,547.20",4717.776,6746.41968,10322.02211,28385.5608
DIAG2050,XRAY LUMBER SPINE LAT,"6,635.29","3,360.00",4468.8,6390.384,9777.28752,26887.54068
DIAG195,ALT (SGPT) -  [SERUM],"6,534.62","6,534.62",8691.0446,12428.19378,19015.13648,52291.62532
DIAG532,ANTI HBCAG -TOTAL ANTIBODIES TO HEPATITIS B CORE AG -  [SERUM],"3,301.51","10,000.00",13300,19019,29099.07,80022.4425
DIAG210,"BILIRUBIN (INDIRECT), SERUM -  [SERUM]","1,377.63","1,377.63",1832.2479,2620.114497,4008.77518,11024.13175
DIAG044,CT CHEST,"49,924.62","42,000.00",55860,79879.8,122216.094,336094.2585
DIAG555,D-DIMER QUANTIFICATION -  [EDTA BLOOD],"10,100.15","7,000.00",9310,13313.3,20369.349,56015.70975
OPT76,FUNDUS PHOTOGRAPHY (BOTH EYES),"12,327.69","12,327.69",16395.8277,23446.03361,35872.43142,98649.18641
DIAG292,POTASSIUM -  [SERUM],"1,513.46","1,513.46",2012.9018,2878.449574,4404.027848,12111.07658
DIAG755,"STOOL, ROUTINE EXAMINATION, (BASIC) -  [STOOL]","1,906.85","1,906.85",2536.1105,3626.638015,5548.756163,15259.07945
DIAG604,TESTOSTERONE (TOTAL) -  [SERUM],"8,080.64","6,580.00",8751.4,12514.502,19147.18806,52654.76717
DIAG1956,XRAY BOTH WRIST JOINT AP/LAT,"8,767.69","6,463.00",8595.79,12291.9797,18806.72894,51718.50459
DIAG1987,XRAY FINGER AP/LAT,"5,568.77","3,672.00",4883.76,6983.7768,10685.1785,29384.24088
DIAG1997,XRAY HIP AP,"5,235.69","2,520.00",3351.6,4792.788,7332.96564,20165.65551
DIAG2074,XRAY PELVIS AP/LAT,"6,435.72","3,672.00",4883.76,6983.7768,10685.1785,29384.24088
DIAG2098,XRAY RIGHT HIP - AP / LAT,"7,004.31","5,000.00",6650,9509.5,14549.535,40011.22125
DIAG545,CEA -CARCINO EMBRYONIC ANTIGEN -  [SERUM],"11,036.75","9,180.00",12209.4,17459.442,26712.94626,73460.60222
DIAG094,CT PARA NASAL SINUSES (LIMITED),"47,766.67","42,000.00",55860,79879.8,122216.094,336094.2585
DIAG1693,PTTK -PARTIAL THROMBOPLASTIN TIME -  [CITRATE  PLASMA],"4,373.05","3,264.00",4341.12,6207.8016,9497.936448,26119.32523
DIAG1944,XRAY BOTH HIP JOINTS FROG VIEW,"7,663.44","2,520.00",3351.6,4792.788,7332.96564,20165.65551
DIAG1950,XRAY BOTH KNEES (LAT),"6,932.33","4,000.00",5320,7607.6,11639.628,32008.977
DIAG1993,XRAY HAND AP,"5,260.79","1,680.00",2234.4,3195.192,4888.64376,13443.77034
DIAG406,ABSOLUTE EOSINOPHILS COUNT -  [BLOOD],758.18,758.18,1008.3794,1441.982542,2206.233289,6067.141545
DIAG661,"AFB,SUSCEPTIBILITY-CLARITHROMYCIN -  [PURE CULTURE]","5,228.22","5,228.22",6953.5326,9943.551618,15213.63398,41837.49345
DIAG531,ANTI HBCAG -IGM ANTIBODIES TO HEPATITIS B CORE AG -  [SERUM],"3,476.71","4,200.00",5586,7987.98,12221.6094,33609.42585
DIAG689,Blood Culture(Anaerobic),"2,409.09","2,800.00",3724,5325.32,8147.7396,22406.2839
DIAG227,CHOLESTEROL (TOTAL) -  [BODY FLUID],"1,008.55","1,190.00",1582.7,2263.261,3462.78933,9522.670658
DIAG107,CT SCAN UROGRAPHY,"39,760.00","42,000.00",55860,79879.8,122216.094,336094.2585
DIAG1858,SONO HSG,"27,232.00","27,232.00",36218.56,51792.5408,79242.58742,217917.1154
DIAG1883,SONOGRAPHY SMALL PART,"9,759.73","9,759.73",12980.4409,18562.03049,28399.90665,78099.74329
DIAG620,TROPONIN-T -  (QUANTITATIVE) [NA-HEPARIN BLOOD],"13,353.64","10,360.00",13778.8,19703.684,30146.63652,82903.25043
DIAG331,URIC ACID - [URINE],"1,845.94","1,000.00",1330,1901.9,2909.907,8002.24425
DIAG1959,XRAY CERVICAL SPINE - AP,"4,621.45","3,360.00",4468.8,6390.384,9777.28752,26887.54068
DIAG2008,XRAY LEFT  KNEE (LAT),"5,512.36","2,520.00",3351.6,4792.788,7332.96564,20165.65551
DIAG2015,XRAY LEFT FEMUR AP/LAT VIEW,"8,742.18","3,989.48",5306.0084,7587.592012,11609.01578,31924.7934
DIAG2088,XRAY RIGHT FEMUR AP/LAT VIEW,"5,846.01","3,947.40",5250.042,7507.56006,11486.56689,31588.05895
MIN0001,WOUND DRESSING (MINOR),"1,752.48","1,752.48",2330.7984,3333.041712,5099.553819,14023.773
DENT56,DENTAL SCALING AND POLISHING,"8,841.36","8,841.36",11759.0088,16815.38258,25727.53535,70750.72221
DNA001,CONSUMABLES (N/A),715.9,715.9,952.147,1361.57021,2083.202421,5728.806658
MAJ0002,WOUND DRESSING (MAJOR),"2,438.38","2,438.38",3243.0454,4637.554922,7095.459031,19512.51234
DENT17,DENTAL CURETTAGE (PER TOOTH),"5,782.67","5,782.67",7690.9511,10998.06007,16827.03191,46274.33775
PCD798,NEBULISATION,"5,039.25","5,039.25",6702.2025,9584.149575,14663.74885,40325.30934
PCD135,FINE NEEDLE ASPIRATION,950.62,950.62,1264.3246,1807.984178,2766.215792,7607.093428
PCD4254,PHYSIOTHERAPY SESSION,"5,643.32","5,643.32",7505.6156,10733.03031,16421.53637,45159.22502
REG,REGISTRATION,"2,696.12","2,696.12",3585.8396,5127.750628,7845.458461,21575.01077
DENT69,DENTAL XRAY (DIGITAL - RVG),"4,698.63","4,698.63",6249.1779,8936.324397,13672.57633,37599.58491
PCD307,CAESERAN SECTION,"226,904.13","226,904.13",301782.4929,431548.9648,660269.9162,1815742.27
PCD274,Normal Delivery,"58,364.16","58,364.16",77624.3328,111002.7959,169834.2777,467044.2637
PCD240,CIRCUMCISION,"9,296.56","9,296.56",12364.4248,17681.12746,27052.12502,74393.34381
DENT1000,COMPOSITE FILLING,"12,886.97","12,886.97",17139.6701,24509.72824,37499.88421,103124.6816
PCD794,EAR SYRINGING -BILATERAL ,"9,373.60","9,373.60",12466.888,17827.64984,27276.30426,75009.83672
PHOT01,PHOTOTHERAPY (SINGLE) PER DAY,"6,558.26","6,558.26",8722.4858,12473.15469,19083.92668,52480.79837
PCD729,PERIDONTAL GUM SURGERY/TOOTH,"3,504.55","3,504.55",4661.0515,6665.303645,10197.91458,28044.2651
PCD303,ERPC EVACUATION MVA,"40,617.86","40,617.86",54021.7538,77251.10793,118194.1951,325034.0365
DENT44,DENTAL LIGHT CURVED COMPOSITE RESTORATION,"12,226.82","12,226.82",16261.6706,23254.18896,35578.90911,97842.00005
DENT63,DENTAL SURGICAL EXTRACTION (MAJOR),"24,330.30","24,330.30",32359.299,46273.79757,70798.91028,194697.0033
DENT39,DENTAL LIGHT CURED - COMPOSITE TOOTH BUILD UP,"10,260.63","10,260.63",13646.6379,19514.6922,29857.47906,82108.06742
OPT172,DILATATION,"2,529.78","2,529.78",3364.6074,4811.388582,7361.42453,20243.91746
PCD4099,DENTAL-INTRA-ORAL PERIAPICAL,"2,780.24","2,780.24",3697.7192,5287.738456,8090.239838,22248.15955
DENT13,DENTAL AMALGAM FILLING (A/F),"7,070.11","7,070.11",9403.2463,13446.64221,20573.36258,56576.7471
PCD4334,SUTURING OF LACERATIONS,"11,216.20","11,216.20",14917.546,21332.09078,32638.09889,89754.77195
PCD222,Prostate - Needle Biopsy  Neddle,593.42,593.42,789.2486,1128.625498,1726.797012,4748.691783
PCD273,EPISIOTOMY AND REPAIR,"13,908.34","13,908.34",18498.0922,26452.27185,40471.97592,111297.9338
PCD41,OPEN APPENDICECTOMY,"210,986.84","210,986.84",280612.4972,401275.871,613952.0826,1688368.227
DENT1001,GIC FILLING,"12,089.66","12,089.66",16079.2478,22993.32435,35179.78626,96744.41222
PCD130,"ABSCESS - SMALL, OR CELLULITIS REQUIRING INCISION AND DRAINAGE WITH LOCAL ANAESTHETIC","14,427.93","14,427.93",19189.1469,27440.48007,41983.9345,115455.8199
OPT103,LENS PRESCRIPTION,"17,125.45","17,125.45",22776.8485,32570.89336,49833.46683,137042.0338
PCD715,ANTERIOR COMPOSITE RESTORATION,"10,857.72","10,857.72",14440.7676,20650.29767,31594.95543,86886.12743
PCD792,EAR PIERCING ,"3,446.19","3,446.19",4583.4327,6554.308761,10028.0924,27577.2541
SUR0119,SIMPLE EXTRACTION,"10,553.79","10,553.79",14036.5407,20072.2532,30710.5474,84454.00535
DENT22,DENTAL FORCEP EXTRACTION (ADULT),"9,353.32","9,353.32",12439.9156,17789.07931,27217.29134,74847.55119
DIAG1902,OPG - ORTHOPANTOMOGRAM (FOR DENTAL PANORAMIC XRAY),"8,485.53","8,485.53",11285.7549,16138.62951,24692.10315,67903.28366
DENT24,DENTAL FORCEP EXTRACTION (NORMAL),"9,254.36","9,254.36",12308.2988,17600.86728,26929.32694,74055.64909
DIAG487,Histology,"24,165.59","24,165.59",32140.2347,45960.53562,70319.6195,193378.9536
DIAG748,SKIN SNIP FOR MICROFILARIE,"2,072.07","2,072.07",2755.8531,3940.869933,6029.530997,16581.21024
PCD241,CATHETERISATION,"12,012.45","12,012.45",15976.5585,22846.47866,34955.11234,96126.55894
PCD272,Induction of Labour  Normal delivery,"33,767.50","33,767.50",44910.775,64222.40825,98260.28462,270215.7827
DENT23,DENTAL FORCEP EXTRACTION (CHILDRENS),"6,151.87","6,151.87",8181.9871,11700.24155,17901.36958,49228.76635
PCD4331,SURGICAL EXTRACTION,"29,782.61","29,782.61",39610.8713,56643.54596,86664.62532,238327.7196
PCD131,"ABSCESS - LARGE, OR EXTENSIVE CELLULITIS REQUIRING INCISION OR DRAINAGE","33,895.13","33,895.13",45080.5229,64465.14775,98631.67605,271237.1091
PCD4336,SUTURING OF LACERATIONS(MINOR),"9,155.43","9,155.43",12176.7219,17412.71232,26641.44985,73263.98709
SUR0164,INCISION AND DRAINAGE,"20,426.19","20,426.19",27166.8327,38848.57076,59438.31326,163455.3615
DIAG456,BIOPSY- SMALL SPECIMEN FOR HISTOLOGY -  [TISSUE],"19,304.11","19,304.11",25674.4663,36714.48681,56173.16482,154476.2033
DENT64,DENTAL SURGICAL EXTRACTION (MINOR),"15,761.05","15,761.05",20962.1965,29975.941,45863.18972,126123.7717
PCD137,EXCISION OF GANGLION,"83,802.74","83,802.74",111457.6442,159384.4312,243858.1797,670609.9942
PCD299,INSERTION OF IUCD,"9,402.63","9,402.63",12505.4979,17882.862,27360.77886,75242.14187
PCD508,DEEP LACERATION SUTURE,"26,016.29","26,016.29",34601.6657,49480.38195,75704.98439,208188.7071
DENT32,DENTAL GLASS IONOMER FILLINGS -SELF CURE (PER TOOTH),"9,434.50","9,434.50",12547.885,17943.47555,27453.51759,75497.17337
PCD70,EXPLORATORY LAPAROTOMY,"273,600.00","273,600.00",363888,520359.84,796150.5552,2189414.027
DENT134,HISTOLOGY,"19,613.16","19,613.16",26085.5028,37302.269,57072.47158,156949.2968
PCD4032,"ASSISTED DELIVERY (FORCEPS,VACUUM ETC): BUNDLED PRICE","78,406.25","78,406.25",104280.3125,149120.8469,228154.8957,627425.9632
PCD300,REMOVAL OF INTRAUTERINE DEVICE IUCD,"8,263.38","8,263.38",10990.2954,15716.12242,24045.66731,66125.5851
DENT116,SPLINTING WITH COMPOSITE ( PER TOOTH),"14,767.20","14,767.20",19640.376,28085.73768,42971.17865,118170.7413
PCD725,FLUORIDATION -PER JAW,"2,564.78","2,564.78",3411.1574,4877.955082,7463.271275,20523.99601
PCD172,"FOREIGN BODY REMOVAL-EAR, NOSE, THROAT","18,852.26","18,852.26",25073.5058,35855.11329,54858.32334,150860.3892
PCD258,CERVICAL LACERATION REPAIR,"27,614.07","27,614.07",36726.7131,52519.19973,80354.37559,220974.5329
DENT54,DENTAL ROOT CANAL THREE ROOTS (POSTERIOR TEETH),"26,396.15","26,396.15",35106.8795,50202.83769,76810.34166,211228.4396
PCD4129,EXCISIONAL BIOPSY(WITH HISTOLOGY),"119,470.89","119,470.89",158896.2837,227221.6857,347649.1791,956035.2425
OPT21,BIFOCAL TRANSITION,"13,715.00","13,715.00",18240.95,26084.5585,39909.37451,109750.7799
DIAG165,NON-ULTRASOUND GUIDED ABDOMINAL PARAESTESIS,"7,381.71","7,381.71",9817.6743,14039.27425,21480.0896,59070.2464
OPT146,VARIFOCAL LENS,"20,666.67","20,666.67",27486.6711,39305.93967,60138.0877,165379.7412
DENT133,EXTRACTION ROOT (SIMPLE),"10,644.48","10,644.48",14157.1584,20244.73651,30974.44686,85179.72887
PCD4335,SUTURING OF LACERATIONS(MAJOR),"17,481.35","17,481.35",23250.1955,33247.77957,50869.10273,139890.0325
END0001,GASTRODUODENSCOPY,"1,202.08","1,202.08",1598.7664,2286.235952,3497.941007,9619.337769
PCD90,Gastroscopy,"76,363.64","76,363.64",101563.6412,145236.0069,222211.0906,611080.4992
DRG2738,PRIMALAR TAB,330,330,438.9,627.627,960.26931,2640.740603
Pro0003,TRANSVIGINAL SCAN,"9,283.82","9,283.82",12347.4806,17656.89726,27015.0528,74291.3952
PCD285,ABDOMINAL MYOMECTOMY - ABOVE 28  WEEKS,"344,000.00","344,000.00",457520,654253.6,1001008.008,2752772.022
PCD4408,APPENDICECTOMY COMPLICATED RUPTURED,"270,500.00","270,500.00",359765,514463.95,787129.8435,2164607.07
PCD4401,BILATERAL AURAL PACKING,"12,000.00","12,000.00",15960,22822.8,34918.884,96026.931
PCD126,BILATERAL HERNIA - INGUINAL REPAIR,"187,500.00","187,500.00",249375,356606.25,545607.5625,1500420.797
PCD304,CERVICAL CERCLEAGE ,"107,291.67","107,291.67",142697.9211,204058.0272,312208.7816,858574.1494
DENT19,DENTAL FISSURE SEALANT,"5,000.00","5,000.00",6650,9509.5,14549.535,40011.22125
DENT53,DENTAL ROOT CANAL ONE ROOT (ANTERIOR TEETH),"46,658.43","46,658.43",62055.7119,88739.66802,135771.6921,373372.1533
PCD763,Fine Needle Aspiration (Other Than Breast) Under Ultrasound,67.5,67.5,89.775,128.37825,196.4187225,540.1514869
PCD447,PLASTER OF PARIS LONG ARM,"71,428.57","71,428.57",94999.9981,135849.9973,207850.4958,571588.8635
MED0531,Steroid injection,"116,453.11","116,453.11",154882.6363,221482.1699,338867.72,931886.23
PCD44,Hartmann’s procedure,"2,306.67","2,306.67",3067.8711,4387.055673,6712.19518,18458.53675
SUR0126,HERNIORRHAPHY - OBSTRUCTED,"150,000.00","150,000.00",199500,285285,436486.05,1200336.638
OPT102,LENS DISPENSING,"19,944.44","19,944.44",26526.1052,37932.33044,58036.46557,159600.2803
PCD244,MARSUPIALISATION,"62,048.17","62,048.17",82524.0661,118009.4145,180554.4042,496524.6116
PHOT02,PHOTOTHERAPY (DOUBLE) PER DAY,"6,711.71","6,711.71",8926.5743,12765.00125,19530.45191,53708.74275
PCD284,ABDOMINAL MYOMECTOMY - BELOW 28 WEEKS,"222,500.00","222,500.00",295925,423172.75,647454.3075,1780499.346
PCD134,BURNS WOUND DEBRIDEMENT AND DRESSING,"40,086.00","40,086.00",53314.38,76239.5634,116646.532,320777.963
PCD88,Colonoscopy,"88,414.06","88,414.06",117590.6998,168154.7007,257276.6921,707510.9033
PCD133,DEBRIDEMENT OF INFECTED WOUND AREA AND CLOSURE,"41,593.75","41,593.75",55319.6875,79107.15313,121033.9443,332843.3468
DENT51,DENTAL PIT AND FISSURE SEALANTS PER TOOTH,"5,000.00","5,000.00",6650,9509.5,14549.535,40011.22125
DIAG242,eGFR -  Estimated Glomerular Filtration Rate –[Serum],"3,982.50","3,982.50",5296.725,7574.31675,11588.70463,31868.93773
OPT174,FOREIGN BODY REMOVAL,"10,288.89","10,288.89",13684.2237,19568.43989,29939.71303,82334.21083
DENT117,TEMPORARY FILLING,"6,464.29","6,464.29",8597.5057,12294.43315,18810.48272,51728.82748
PCD4355,TONGUE TIE RELEASE ,"6,425.00","6,425.00",8545.25,12219.7075,18696.15248,51414.41932
PCD700,AMALGAM FILLINGS - POSTERIOR FILLINGS,"4,725.00","4,725.00",6284.25,8986.4775,13749.31058,37810.6041
DIAG455,BIOPSY- MEDIUM SPECIMEN  FOR HISTOLOGY -  [TISSUE],"13,656.86","13,656.86",18163.6238,25973.98203,39740.19251,109285.5294
DRG1624,COPPER T (IUCD),"9,271.43","9,271.43",12331.0019,17633.33272,26978.99906,74192.24742
DENT11,DENTAL ACRYLIC PARTIAL DENTURES-FIRST TOOTH,"12,166.67","12,166.67",16181.6711,23139.78967,35403.8782,97360.66505
MED0347,Dianofem Tab,480,480,638.4,912.912,1396.75536,3841.07724
PCD121,REPAIR OF UMBILICAL HERNIA,"274,166.67","274,166.67",364641.6711,521437.5897,797799.5122,2193948.659
PCD170,ADENOTONSILLECTOMY,"323,333.33","323,333.33",430033.3289,614947.6603,940869.9203,2587392.281
PCD688,CYST - SOFT TISSUE - EXCISION,"68,283.22","68,283.22",90816.6826,129867.8561,198697.8199,546419.0047
Pro0005,EAR DRESSING,"2,890.67","2,890.67",3844.5911,5497.765273,8411.580868,23131.84739
DIAG479,ENDOMETRIAL BIOPSY  HISTOLOGY,"108,292.33","108,292.33",144028.7989,205961.1824,315120.6091,866581.675
PCD301,IMPLANON INSERTION,"13,834.67","13,834.67",18400.1111,26312.15887,40257.60308,110708.4085
PCD387,INGROWN TOENAIL - RADICAL EXCISION / WEDGE RESECTION - UNILATERAL,"36,679.67","36,679.67",48783.9611,69761.06437,106734.4285,293519.6784
PCD46,LAPAROSCOPIC APPENDICECTOMY,"205,606.00","205,606.00",273455.98,391042.0514,598294.3386,1645309.431
PCD793,Nasal Packing,"4,365.83","4,365.83",5806.5539,8303.372077,12704.15928,34936.43802
